
<resources>
    <color name="seed">#F87575</color>
    <color name="md_theme_light_primary">#A6383B</color>
    <color name="md_theme_light_onPrimary">#FFFFFF</color>
    <color name="md_theme_light_primaryContainer">#FFDAD8</color>
    <color name="md_theme_light_onPrimaryContainer">#410007</color>
    <color name="md_theme_light_secondary">#9C413E</color>
    <color name="md_theme_light_onSecondary">#FFFFFF</color>
    <color name="md_theme_light_secondaryContainer">#FFDAD7</color>
    <color name="md_theme_light_onSecondaryContainer">#410004</color>
    <color name="md_theme_light_tertiary">#006686</color>
    <color name="md_theme_light_onTertiary">#FFFFFF</color>
    <color name="md_theme_light_tertiaryContainer">#C0E8FF</color>
    <color name="md_theme_light_onTertiaryContainer">#001E2B</color>
    <color name="md_theme_light_error">#BA1A1A</color>
    <color name="md_theme_light_errorContainer">#FFDAD6</color>
    <color name="md_theme_light_onError">#FFFFFF</color>
    <color name="md_theme_light_onErrorContainer">#410002</color>
    <color name="md_theme_light_background">#F8FDFF</color>
    <color name="md_theme_light_onBackground">#001F25</color>
    <color name="md_theme_light_surface">#F8FDFF</color>
    <color name="md_theme_light_onSurface">#001F25</color>
    <color name="md_theme_light_surfaceVariant">#F4DDDC</color>
    <color name="md_theme_light_onSurfaceVariant">#524342</color>
    <color name="md_theme_light_outline">#857372</color>
    <color name="md_theme_light_inverseOnSurface">#D6F6FF</color>
    <color name="md_theme_light_inverseSurface">#00363F</color>
    <color name="md_theme_light_inversePrimary">#FFB3B1</color>
    <color name="md_theme_light_shadow">#000000</color>
    <color name="md_theme_light_surfaceTint">#A6383B</color>
    <color name="md_theme_light_outlineVariant">#D7C1C0</color>
    <color name="md_theme_light_scrim">#000000</color>
    <color name="md_theme_dark_primary">#FFB3B1</color>
    <color name="md_theme_dark_onPrimary">#660512</color>
    <color name="md_theme_dark_primaryContainer">#862026</color>
    <color name="md_theme_dark_onPrimaryContainer">#FFDAD8</color>
    <color name="md_theme_dark_secondary">#FFB3AE</color>
    <color name="md_theme_dark_onSecondary">#5F1415</color>
    <color name="md_theme_dark_secondaryContainer">#7E2A28</color>
    <color name="md_theme_dark_onSecondaryContainer">#FFDAD7</color>
    <color name="md_theme_dark_tertiary">#70D2FF</color>
    <color name="md_theme_dark_onTertiary">#003547</color>
    <color name="md_theme_dark_tertiaryContainer">#004D66</color>
    <color name="md_theme_dark_onTertiaryContainer">#C0E8FF</color>
    <color name="md_theme_dark_error">#FFB4AB</color>
    <color name="md_theme_dark_errorContainer">#93000A</color>
    <color name="md_theme_dark_onError">#690005</color>
    <color name="md_theme_dark_onErrorContainer">#FFDAD6</color>
    <color name="md_theme_dark_background">#001F25</color>
    <color name="md_theme_dark_onBackground">#A6EEFF</color>
    <color name="md_theme_dark_surface">#001F25</color>
    <color name="md_theme_dark_onSurface">#A6EEFF</color>
    <color name="md_theme_dark_surfaceVariant">#524342</color>
    <color name="md_theme_dark_onSurfaceVariant">#D7C1C0</color>
    <color name="md_theme_dark_outline">#A08C8B</color>
    <color name="md_theme_dark_inverseOnSurface">#001F25</color>
    <color name="md_theme_dark_inverseSurface">#A6EEFF</color>
    <color name="md_theme_dark_inversePrimary">#A6383B</color>
    <color name="md_theme_dark_shadow">#000000</color>
    <color name="md_theme_dark_surfaceTint">#FFB3B1</color>
    <color name="md_theme_dark_outlineVariant">#524342</color>
    <color name="md_theme_dark_scrim">#000000</color>
    <color name="CustomColor1">#5C95FF</color>
</resources>
